Keyword,Program
B2S,Back2School
b2s,Back2School
Back 2 School,Back2School
back 2 school,Back2School
Back to School,Back2School
back to school,Back2School
Back2School,Back2School
back2school,Back2School
Backpack,Back2School
backpack,Back2School
Backpacks,Back2School
backpacks,Back2School
Empower,Back2School
empower,Back2School
Scholarship,Back2School
scholarship,Back2School
School,Back2School
school,Back2School
Schools,Back2School
schools,Back2School
SFA,Back2School
sfa,Back2School
Student,Back2School
student,Back2School
Disaster,Disaster Relief Services
disaster,Disaster Relief Services
DRS,Disaster Relief Services
drs,Disaster Relief Services
Fire,Disaster Relief Services
fire,Disaster Relief Services
Flood,Disaster Relief Services
flood,Disaster Relief Services
Flooding,Disaster Relief Services
flooding,Disaster Relief Services
Hurricane,Disaster Relief Services
hurricane,Disaster Relief Services
Tornado,Disaster Relief Services
tornado,Disaster Relief Services
Wind,Disaster Relief Services
wind,Disaster Relief Services
CASA,FATE
casa,FATE
Child,FATE
child,FATE
Children,FATE
children,FATE
CPS,FATE
cps,FATE
FATE,FATE
fate,FATE
CHS,Health Services
chs,Health Services
Clinic,Health Services
clinic,Health Services
Diabetes,Health Services
diabetes,Health Services
Doctor,Health Services
doctor,Health Services
Health,Health Services
health,Health Services
Heath,Health Services
HS,Health Services
hs,Health Services
MD,Health Services
md,Health Services
Medical,Health Services
medical,Health Services
Medicine,Health Services
medicine,Health Services
Nurse,Health Services
nurse,Health Services
Pharmacy,Health Services
pharmacy,Health Services
Shifa,Health Services
shifa,Health Services
Chicken,Hunger Prevention
chicken,Hunger Prevention
Fish,Hunger Prevention
fish,Hunger Prevention
Food,Hunger Prevention
food,Hunger Prevention
Groceries,Hunger Prevention
groceries,Hunger Prevention
Grocery,Hunger Prevention
grocery,Hunger Prevention
HP,Hunger Prevention
hp,Hunger Prevention
Hunger ,Hunger Prevention
hunger ,Hunger Prevention
Meal,Hunger Prevention
meal,Hunger Prevention
Meat,Hunger Prevention
meat,Hunger Prevention
Pantry,Hunger Prevention
pantry,Hunger Prevention
Poultry,Hunger Prevention
poultry,Hunger Prevention
Qurbani,Hunger Prevention
qurbani,Hunger Prevention
Undhiya,Hunger Prevention
undhiya,Hunger Prevention
Counselling,Muslim Family Services
counselling,Muslim Family Services
Banquet,Outreach
Banquets,Outreach
banquets,Outreach
banquet,Outreach
Fund,Outreach
fund,Outreach
Fundraiser,Outreach
fundraiser,Outreach
Fundraising,Outreach
fundraising,Outreach
Funds,Outreach
funds,Outreach
Khutba,Outreach
khutba,Outreach
Outreach,Outreach
outreach,Outreach
Revenue,Outreach
revenue,Outreach
Clothing,Refugee Services & Community Empowerment
clothing,Refugee Services & Community Empowerment
Computer,Refugee Services & Community Empowerment
computer,Refugee Services & Community Empowerment
Diaper,Refugee Services & Community Empowerment
diaper,Refugee Services & Community Empowerment
Diapers,Refugee Services & Community Empowerment
diapers,Refugee Services & Community Empowerment
ESL,Refugee Services & Community Empowerment
esl,Refugee Services & Community Empowerment
Gift,Refugee Services & Community Empowerment
gift,Refugee Services & Community Empowerment
Gifts,Refugee Services & Community Empowerment
gifts,Refugee Services & Community Empowerment
Language,Refugee Services & Community Empowerment
language,Refugee Services & Community Empowerment
Laundry,Refugee Services & Community Empowerment
laundry,Refugee Services & Community Empowerment
Refugee,Refugee Services & Community Empowerment
refugee,Refugee Services & Community Empowerment
Resettlement,Refugee Services & Community Empowerment
resettlement,Refugee Services & Community Empowerment
Sewing,Refugee Services & Community Empowerment
sewing,Refugee Services & Community Empowerment
Shower,Refugee Services & Community Empowerment
shower,Refugee Services & Community Empowerment
Toy,Refugee Services & Community Empowerment
toy,Refugee Services & Community Empowerment
Toys,Refugee Services & Community Empowerment
toys,Refugee Services & Community Empowerment
Winter,Refugee Services & Community Empowerment
winter,Refugee Services & Community Empowerment
Shelter,Transitional Housing
shelter,Transitional Housing
Transition,Transitional Housing
transition,Transitional Housing
Transitional ,Transitional Housing
transitional ,Transitional Housing
Women,Transitional Housing
women,Transitional Housing
TH,Transitional Housing
th,Transitional Housing
Feed,Hunger Prevention
Speciality,Hunger Prevention
Eid,Refugee Services & Community Empowerment
Convention,Outreach
Back2S ,Back2School
Mobile,Hunger Prevention
Pop-Up,Hunger Prevention
pop-up,Hunger Prevention
Specialty,Hunger Prevention
Spring,Refugee Services & Community Empowerment
Refugee,Refugee Services & Community Empowerment
refugee,Refugee Services & Community Empowerment
Zakat,Hunger Prevention
zakat,Hunger Prevention
rental,Refugee Services & Community Empowerment
Rental,Refugee Services & Community Empowerment
Utility,Refugee Services & Community Empowerment
utility,Refugee Services & Community Empowerment
funeral,Muslim Family Services
Funeral,Muslim Family Services
Transportation(MTA),Refugee Services & Community Empowerment
RefugeeAssistance,Refugee Services & Community Empowerment
FuneralAssistance,Muslim Family Services
Transportation,Refugee Services & Community Empowerment
transportation,Refugee Services & Community Empowerment
